user01,user01,User 01,user01@example.com
user02,user02,User 02,user02@example.com
user03,user03,User 03,user03@example.com
user04,user04,User 04,user04@example.com
user05,user05,User 05,user05@example.com
user06,user06,User 06,user06@example.com
user07,user07,User 07,user07@example.com
user08,user08,User 08,user08@example.com
user09,user09,User 09,user09@example.com
user10,user10,User 10,user10@example.com
user11,user11,User 11,user11@example.com
user12,user12,User 12,user12@example.com
user13,user13,User 13,user13@example.com
user14,user14,User 14,user14@example.com
user15,user15,User 15,user15@example.com
user16,user16,User 16,user16@example.com
user17,user17,User 17,user17@example.com
user18,user18,User 18,user18@example.com
user19,user19,User 19,user19@example.com
user20,user20,User 20,user20@example.com
user21,user21,User 21,user21@example.com
user22,user22,User 22,user22@example.com
user23,user23,User 23,user23@example.com
user24,user24,User 24,user24@example.com
user25,user25,User 25,user25@example.com
user26,user26,User 26,user26@example.com
user27,user27,User 27,user27@example.com
user28,user28,User 28,user28@example.com
user29,user29,User 29,user29@example.com
user30,user30,User 30,user30@example.com
user31,user31,User 31,user31@example.com
user32,user32,User 32,user32@example.com
user33,user33,User 33,user33@example.com
user34,user34,User 34,user34@example.com
user35,user35,User 35,user35@example.com
user36,user36,User 36,user36@example.com
user37,user37,User 37,user37@example.com
user38,user38,User 38,user38@example.com
user39,user39,User 39,user39@example.com
user40,user40,User 40,user40@example.com
user41,user41,User 41,user41@example.com
user42,user42,User 42,user42@example.com
user43,user43,User 43,user43@example.com
user44,user44,User 44,user44@example.com
user45,user45,User 45,user45@example.com
user46,user46,User 46,user46@example.com
user47,user47,User 47,user47@example.com
user48,user48,User 48,user48@example.com
user49,user49,User 49,user49@example.com
user50,user50,User 50,user50@example.com
user51,user51,User 51,user51@example.com
user52,user52,User 52,user52@example.com
user53,user53,User 53,user53@example.com
user54,user54,User 54,user54@example.com
user55,user55,User 55,user55@example.com
user56,user56,User 56,user56@example.com
user57,user57,User 57,user57@example.com
user58,user58,User 58,user58@example.com
user59,user59,User 59,user59@example.com
user60,user60,User 60,user60@example.com
user61,user61,User 61,user61@example.com
user62,user62,User 62,user62@example.com
user63,user63,User 63,user63@example.com
user64,user64,User 64,user64@example.com
user65,user65,User 65,user65@example.com
user66,user66,User 66,user66@example.com
user67,user67,User 67,user67@example.com
user68,user68,User 68,user68@example.com
user69,user69,User 69,user69@example.com
user70,user70,User 70,user70@example.com
user71,user71,User 71,user71@example.com
user72,user72,User 72,user72@example.com
user73,user73,User 73,user73@example.com
user74,user74,User 74,user74@example.com
user75,user75,User 75,user75@example.com
user76,user76,User 76,user76@example.com
user77,user77,User 77,user77@example.com
user78,user78,User 78,user78@example.com
user79,user79,User 79,user79@example.com
user80,user80,User 80,user80@example.com
user81,user81,User 81,user81@example.com
user82,user82,User 82,user82@example.com
user83,user83,User 83,user83@example.com
user84,user84,User 84,user84@example.com
user85,user85,User 85,user85@example.com
user86,user86,User 86,user86@example.com
user87,user87,User 87,user87@example.com
user88,user88,User 88,user88@example.com
user89,user89,User 89,user89@example.com
user90,user90,User 90,user90@example.com
user91,user91,User 91,user91@example.com
user92,user92,User 92,user92@example.com
user93,user93,User 93,user93@example.com
user94,user94,User 94,user94@example.com
user95,user95,User 95,user95@example.com
user96,user96,User 96,user96@example.com
user97,user97,User 97,user97@example.com
user98,user98,User 98,user98@example.com
user99,user99,User 99,user99@example.com
